date,Tweet,Label
2020-09-06 14:40:40,ุงูุฏุฑ ุฃูุนู ุจุงูุฉ ุงูุชุนููู ุทุฑูู ุงูุฑุณุงุฆู ุงููุตูุฉ ูุงุฒู ุทุฑูู ูุงู ุฃุณ ุณู ูููู ุทุฑููุฉ ุชูุนูููุง,
2020-09-06 09:29:36,ุฃุจู ูุฌูุฏ ูุงุฑูู ุจุงููู ุงุณ ุณู ุจุงูุณุนุฑ ู ุงูููุญูุงุช ูุนุทูุง ุฑุฃูู ูุงููุช ุชููุงู ุงููุชุฌุฑ ุชุทุจูู ูุงู ุงุณ ุณู,
2020-09-06 08:35:06,ุงูุณูุงู ุนูููู ูุงู ุนูุฏู ุงุดุชุฑุงู ูุงูุจุฑ ุดุฑูุฉ ุฒูู ุงูุซุฑ ุณูุชูู ูุฏุฑ ุงููู ุนูู ูุญููุช stc ูุจู ุดูุฑ ูุงุดุชุบู ุงููุช ุงุณุจูุน ุงูุงุดุชุฑุงู ูุงูู ูุฐุฉ ุงููุญุถุฉ ูุดุชุบู ุงูุงุชุตุงู ุฑุบู ุชูุฏูู ุนุฏุฉ ุจูุงุบุงุช ุชููู ุงูุนุดุฑูู ุจูุงุบ ุทุฑูู ููุชุจ ุงูุงุณุชุฑุงูุงุช ู ุฑูู ููููุน ูุงู ุงุณ ุณู ุญูุงุฉ ุชูุงุฏู ุดูุฑุงู,
2020-09-06 06:25:51,ุงูุณูุงู ุนูููู ุนูุฏู ููุฏู ูุงุจุบู ุงูุตูู ููุงูุฏุฑุช ุทุฑูู ูุงู ุงุณ ุณู ุทุฑูู ุงููุงุชู,
2020-09-05 18:16:42,ูุงุนุงูู ุงูุง ุญููุช ูุดุฑูุฉ ุงูุงุชุตุงูุงุช ุงูุณุนูุฏูู ุทุฑูู ูุงู ุงุณ ุณู ููุงุฒุงู ุงููุจูุบ ูููููููููุฏ,
2020-09-05 14:58:01,ูุจุฏุฃ ุชูุตูู ุทูุจุงุช ูุงู ุงุณ ุณู ุทูุจุช ูุช ููุตู ุงูููู ุทูุจุช ุนุดุฑู ุงููุจ,
2020-09-05 11:04:22,ุดูู ุชุทุจูู ูุงู ุงุณ ุณู,
2020-09-04 10:50:34,ุงูุณูุงู ุนูููู ุนูุฏู ูุดููู ูุงู ุงุณ ุณู ูููุงุชู ุงูุซุงุจุช ูููู ุญู,
2020-09-04 07:01:48,ุนูุฏูู ุงุดุชุฑุงู ุดููุฑ ุฌูุฌุงุจุงูุช ูููููุชุฑ ุงู ูุงูู ุฏุฎูุช ูุงู ุงุณ ุณู ูููุช ุดููุฑ ููู ุดูุฑู ูุณุชุญูู ุงููุฏ ุงุดูุฑ,
2020-09-03 23:01:54,ุงุนุทูู ุงูุงุฎูุฑ ุฑูุฒ ูุนุงู ุงูุถู ููุงู ูุฌูุฉ ูุธุฑู ูุงุถูู stc ุงุฏุฎู ุน ุชุทุจูู ูุงู ุงุณ ุณู ูุงุญูุงูุง ุชุญุตู ุนุฑูุถ ุญููู ุงุฎุฑ ุนุฑุถ ุงุนุชูุฏ ูุฒููู ุจุฏูู ุถุฑูุจู ูุญุณุจููู,
2020-09-03 06:33:03,ุทูู ุงูุงูุงู ุงููู ุฑุงุญุช ุณูุงุก ุจุงูุงุชุตุงู ุงู ุงุฐุง ุงุญุฏ ุชูุฑู ูุฑุฏ ุนูู ุจุชููุชุฑ ุงูุดูุก ุงููุญูุฏ ุงููู ูุณูููู ุงูุชูุดูุท ุ ูุนูู ููุธููู ุงููู ุงุนูู ุนุฏุฏูู ูุงุฎุฐูู ุฑูุงุชุจ ูุงุญุฏ ูููู ููุชู ููุญุงูู ูุญู ูุดููุชู ูุนููู ุ ุงูุดูุก ุงููุญูุฏ ุงููู ูุนุฑู ูุณููู ุชูุดูุท ุ ุงูุชูุดูุท ุฎูุงุฑ ููุฌูุฏ ุชุทุจูู ูุงู ุงุณ ุณู,
2020-09-02 21:40:06,ุงุณุฏุฏ ูุชููููุณ ูุงู ุงุณ ุณู,
2020-09-02 21:22:47,ุชุงุจุนุชูู ุงูุฎุงุต ููู ุชููุฏููู ุชุฑุณูููู ุฑุงุจุท ูุงู ุงุณ ุณู ุชููููู ุงุฑุณู ุงูุฑูุฒ ููุฌูู ุงูุง ุงุจุบุง ุชูุตูู ู ุญูุช ุงูุด ุจุงูุฒุจุท,
2020-09-02 19:46:50,ุชุทุจูู ุฑุณูู ุจ ุดุฑูุฉ ุงุณ ุณู ุงุณูู ูุงู ุงุณ ุณู ุญูููู ูุณุฌูู ูุดููู ุงูุนุฑูุถ ุงูุง ููุงูุงูุฉ ุงุฎุฐุช ูุฌุงุจููุง ููู ุงูุจูุช ุจููุณ ุงูููู,
2020-09-02 18:11:39,ูุงู ุงุณ ุณู ุจุฑุถู,
2020-09-02 07:08:15,ููุฃุณู ุงูู ุนููู ุชููุฒ ูุงููุงูุจุฑ ุนุทูุงู ุตุงุฑูู ุงูุงู ูููุฌุฏ ุฑูู ุจูุงุบ ูุงุฑุจุน ูุฑุงุช ุงุชูุงุตู ูุนูู ุทุฑูู ูุงู ุงุณ ุณู ููุงุญูุงุฉ ููู ุชูุงุฏู ูุงูููู ุชุฌููู ูุงุชูุฑุฉ ุงููุช ุทูุจ ูุงูุนุทู ูุงุถุฑุงุฑู ุนูู ูุนูู ุงูุทูุงุจ ุนูุฏู ูุด ุงูููุงุจู,
2020-09-02 01:34:25,ุงุฏุฎู ุชุทุจูู ูุงู ุงุณ ุณู ูุดูู ุงููู ุชุฎูููุง ุชุชุฑุงูู ูุชุงูู ููุง ุจุนุฏูู,
2020-09-02 00:07:55,ุงููุงูุจุฑ ููุฏุฑ ูููู ุงุจุฏูุช ุฌุฏูุฏ ููุงููุงู ุชูุฏููู ุนูููุง ุชุทุจูู ูุงู ุงุณ ุณู ุฒู ุงูุชูููู ุงูุซุงุจุช ูุฌูู ูุฑูุจููู ูุนุงู ูุญุฏู ุทุงูุจู ูุงูุจุฑ ุดููุฑ ููู ุงููู ุณูู ุงููู ูุชุตููู ุดูุฑ ูุงูุฏูู ุงูุทูุจ,
2020-09-01 17:04:51,ุงูุฏุนู ุงูููู ูุงูุฑุฏูู ูุงุฐุง ูููุช ูููู ุชุญ ูุงู ุงุณ ุณู ุงุจู ุงููู ุงูููุธู ูู ูุงุฏุฑ,
2020-09-01 15:29:50,ุชุทุจูู ูุงู ุงุณ ุณู ูุงูุดุชุบู ุนูุฏู ุงุฐุง ูุชุญุชู ูุทูุน ูุฃุณู ุณูููู ุจุงุตูุงุญ ุงููุดููู ูุฑูุจุง ุงูุซุฑ ุงุณุจูุน ุงูุญุงูู ุญุฐูุช ุงูุชุทุจูู ูุญููุชู ูุงููุดููู ููุณูุง ุงูุญูุช,
2020-09-01 14:30:17,ุชุทุจูู ูุงู ุงุณ ุณู ูุงูุดุชุบู ุนูุฏู ุงุฐุง ูุชุญุชู ูุทูุน ูุฃุณู ุณูููู ุจุงุตูุงุญ ุงููุดููู ูุฑูุจุง ุงูุซุฑ ุงุณุจูุน ุงูุญุงูู ุญุฐูุช ุงูุชุทุจูู ูุญููุชู ูุงููุดููู ููุณูุง ุงูุญูุช,
2020-09-01 10:26:44,ุชุญููู ุชุทุจูู ูุงู ุงุณ ุณู ูู ุณุงูุฏ,
2020-09-01 09:58:59,ุชุทุจูู ูุงู ุงุณ ุณู ุฎุฏูู ุงูุจุฑููุงุช ุดููู ุงุฐุง ุชุถุจุท ูุนู ูุงู ูุนู ุถุจุทุช ๐,
2020-08-31 20:52:41,ูุงุณู ุณุจู ุทูุจุช ุฌูุงุฒ ุขูููู ูุจู ุดูุฑูู ููู ูุชู ุชูุตููู ู ุงุณุชูุงูู ูุงูููู ุทูุจุช ุดุฑูุญู ูุชุทุจูู ูุงู ุงุณ ุณู ูุนุชุฐุฑ ุงููููุน ุงููุญุฏุฏ ูุบุทู ุฑุบู ุงูู ูุงุงุจุนุฏ ุนุดุฑู ูููู ูุนูุฏ ุงูุงุชุตุงู ุงูุฑูู ุฎุฏูุฉ ุงูุงุชุตุงู ุจูููุณ ูุจุนุฏ ุงูุชุถุงุฑ ุฃุบูู ุงูุฎุท ุงูุฑุณูู ุงููููุน ูุฑูู ุงูุตูุฑ,
2020-08-31 12:06:26,ุงูุณูุงู ุนูููู ุนูุฏู ุดุฑูุญุฉ ุจูุงูุงุช ุจุงุณูู ูุจุฌุฏุฏ ุงูุจุงูุฉ ุฏุฎูุช ุชุทุจูู ูุงู ุงุณ ุณู ุฃุญุตููุง,
2020-08-31 11:18:38,ุทุฑูู ุชุทุจูู ุงูุจูู ุงุฐุง ูุงู ุฑุงุฌุญู ูุงู ุงุณ ุณู,
2020-08-31 11:17:37,ุชุทุจููุงุช ูุซูุฑู ูุงู ุงุณ ุณู ู ูุงูู ูุงุฑุฏ ูุบูุฑูุง,
2020-08-31 11:17:22,ูุงู ุงุณ ุณู,
2020-08-31 10:16:06,ุจ ุช ุงุณ ุงููู ู ุชููุง ุชุฑู ุงฺฉุช ฺฉุฑู ุง ูุณุชูุฏ ฺฉู ุฏุฑ ฺูุงุฑ ูุฑุงุณู ุจุฒุฑฺฏ ุงูุฏุง ุฌูุงุฒ ุขูุฑฺฉุง ุงุฌุฑุง ฺฉุฑุฏู๐โ : ุงูุชูฺฉู ุณูฺฏฺฉู ุจฺ๐โ ู ุจุณุชูู ูพุฑูฺฉุช ุขู ฺฉู ุชู ฺฉุฑู ูุฏุช ุฏู ุฏูุฒ ูุชูุงู ุฏุฑ ุฑุชุจู ุขุชููุฒ ุขูุฑฺฉุง ุฏุฏ ู ุณ ูุง ุจฺฏ ูุงููุตุง๐โ,
2020-08-31 04:48:21,ุชุทุจูู ูุงู ุงุณ ุณู ูุนูู ููููู ูุงูุญู,
2020-08-30 23:46:55,ุชุทุจูู ูุงู ุงุณ ุณู ูุดููุฉ ูุฑูุถ ุงูุฏุฎูู ุงูุด ุงูุญู,
2020-08-30 23:03:02,ุนูุฏูู ูุณููุงุช ุฎุตู ูููุดุชุฑูุงุช ุจูุชุฌุฑ ูุงู ุงุณ ุณู,
2020-08-30 21:11:35,ุงูุณูุงู ุนูููู ุฑููู ุดุญู ูุงุจู ุงุญููู ูููุชุฑ ุฏุฎูุช ูุงู ุงุณ ุณู ููุงู ูุซู ุทุฑูู ุงุจุดุฑ ูุฏุฎูุช ูุทูุน ูุงูููู ุงุชูุงู ุงูุนูููุฉ,
2020-08-30 20:33:01,ุชุทุจูู ูุงู ุงุณ ุณู ุ ููุฌูุฏุฉ ุฎุฏูุฉ ุงูุจุฑููุงุช ูุณููุฉ ุฌุฏุงู ุฑูู ุฌูุงูู ูุจุงุดุฑุฉ ูููุตูู ุงูุฑุฏ ุจููุณ ุงูุชุทุจููุุฃูู ูุณูู ูุงุจุชุนุฏู ุงูููุงูุน ุงููุดุจููุฉ,
2020-08-30 15:58:06,ุณูุงู ุงุฎูู ุงูุง ูุงูุชุญ ุชุทุจูููู ูุงู ุงุณ ุณู ูุทูุนูู ุงุญุฐูู ูุงุฑุฌุนู ููุณ ูุดููู ูุฏุฑุฌู ุญููุชู ุจุฌูุงูู ุซุงูู ูุตุงุฑุช ููุณ ูุดููู ููุนูู ุฑููู ุงูุง ุงุฑูุงูู ุซุงููู ูุดุชุบู ุจุฑูุงูุฌ ุนุงุฏู,
2020-08-30 13:04:51,ุชุนุฑููู ุดููู ุงุดุชุฑู ุจูุชูููุณ ุทุฑูู ูุงู ุงุณ ุณู,
2020-08-30 07:51:00,ุงูุณูุงู ุนูููู ุจุงุณูู ุจูุงุบ ูุนุทู ุงูุงูุชุฑูุช ูููุง ุจุงุณุฌู ูุงู ุงุณ ุณู ูุฑุถู ูุงู ุฌูุงูู ููุจุงููู ุงูุญู,
2020-08-29 21:12:42,ุนุฑูุถ ุงูุด ุงูุงู ุนูุฏู ุทูุจุงุช ูุงู ุงุณ ุณู ูุงูููุฏูุจ ูุนู ูุงุตู ูููููุน ูุฑูุถ ูููู ุงููุช ุชุนุทู,
2020-08-29 19:40:21,ุชุทุจูู ูุงู ุงุณ ุณู ููููู ูุงูุฎุด ุงูุฎุฏูุงุช,
2020-08-29 18:37:06,ุชุทุจูู ูุงู ุงุณ ุณู ููููู ุงุฐุง ูุชุญุชู ูุทูุน ูุด ุงูุญู,
2020-08-29 17:38:32,ุงูุณูุงู ุนูููู ุงุฎูุงู ูุญุงููุฉ ุงูุฏุฎูู ุทุฑูู ุชุทุจูู ูุงู ุงุณ ุณู ูุทูุจ ุจุงูุฉ ูุช ูุฑูุถ ุงูุฏุฎูู ูุงูู ุงูุญู ุฌุฒุงูู ุงููู ุฎูุฑุง,
2020-08-29 14:46:43,ูููู ูุช ูููุชุฑ ููุงุท ุชุทุจูู ูุงู ุงุณ ุณู,
2020-08-28 23:50:56,ุงูุณูุงู ุนูููู ูููู ูุช ูููุชุฑ ูุฏูู ููุงุท ุงูุงููู ูุงู ุงุณ ุณู,
2020-08-28 17:41:06,ุชุทุจูู ูุงู ุงุณ ุณู ูุดููุฉ ุญุฐูุชู ูุฑุฌุนุช ุซุจุชู ุงูุซุฑ ูุฑู ูุงูู ูุงูุฏุฉ #,
2020-08-28 12:59:24,ุชุทุจูู ูุงู ุงุณ ุณู ุงุฏุง ูุชุญุชู ูุทูุนูู ูุด ุงูุญู,
2020-08-28 11:52:12,ุงูุงูุฑ ุงูุชุทุจูู ูุงู ุงุณ ุณู ูุนูู ููููู,
2020-08-28 09:42:30,ุนูุฏู ุทูุจ ุชูุตูู ุฌูุงู ุดุงุฑูู ุชุทุจูู ูุงู ุงุณ ุณู ู ุงูุงู ุงุณุชูู ุงูุฌูุงุฒ ูุงูููุฏูุจ ูููู ุฌูุงูู,
2020-08-28 06:20:06,ุงููู ูุงูููููู ุดูููุง ุญู ุฑุตูุฏู ุทุงุฑ ุญุณุจู ุงููู ุนูููู ู ูุตุงุจูู ุงูุญูู ุฑูุงู ูุงุฐุง ุฌูุช ุจุฏุฎู ูุงู ุงุณ ุณู ูุฑูุถ ุงุชููุน ุงููู ููุนููู ุงูุฒู ูุช ูุจุงู ุญู ุชูุนููู ูุงูุฎุฏูู ูุงูุง ูุงุทูุจุช ูุชุณุญุจูู ููู ูููู ุงูุญูู ูุต ููู ุชุตุฑูููู ุณูุชู ุงูุฑุฏ ูุงูุชู ูุตุงุจูู ุชุฑุฏูู ุงูุซุฑ ุดู ุงูุฌูุณ ุงููุงุนู,
2020-08-28 05:30:25,ุชุทุจูู ูุงู ุงุณ ุณู ุนุทู ุฑุงูุถ ูุดุชุบู ูุด ุงููุดููู,
2020-08-27 22:51:35,ูุงู ุงุณ ุณู ููุชุญ ูุณูู ูุจุงุดุฑ ูุชุฌู ุฑุณุงูุฉ ูุณููุฉ ูุณูู ุชุนุงูุฌ ูุฑูุจุง ููู ูุงูู ูุงุฑุถู ููุชุญ ูุนู,
2020-08-27 22:33:44,ุชุทุจูู ูุงู ุงุณ ุณู ุชุทุจูู ุงุณ ุณู ุจุงู ุญูููู ูุณุฌู ุจูุงูุงุชู ูููู ููุฑุฉ ุชุทุจูู ุงุณ ุณู ุจุงู ุชูุฏุฑ ุชุดุชุฑู ุจูุญูุงุช ูุซูุฑ ูุชุญูู ูููุณ ููุณ ุญุณุงุจู ุงูุจููู ูุชุจูู ูุนู ููุทู ุนูุฏู,
2020-08-27 22:04:18,ุงูุณูุงู ุนูููู ูุณูุช ูููู ุงูุณุฑ ุญู ุชุทุจูู ูุงู ุงุณ ุณู ุงุจู ุงุฎุด ูุฑูุถ,
2020-08-27 20:04:15,ุทูุจ ููุด ูุงุฒู ูููู ุงูุฑูู ุจุณูู ูุงู ุงุณ ุณู ุนููุงู ุงูู ุจุณู ุงุฎู,
2020-08-27 19:59:02,ุงุณุชุฎุฏู ุชุทุจูู ูุงู ุงุณ ุณู,
2020-08-27 16:49:25,ุทูุจ ุณุคุงู ุซุงูู ุ ููุด ุงูุชุณุฌูู ุจ ูุงู ุงุณ ุณู ุตุงูุฑ ุตุนุจ ุฌุฏุง ููุงูู ูุงุนุฏ ูุถุจุท ูุนู,
2020-08-26 20:25:12,ู ุฌูุงุนู ุงุทููุน ุฑูู ุฌุฏูุฏ ุชุทุจูู ูุงู ุงุณ ุณู๐,
2020-08-26 20:14:08,ููุตู ุฑูุฒ ุงูุชุญูู ูุงุณุงุณุงู ูุงุนูุฏู ุดุจูู ูุจู ุดูู ูุงูุง ุงุฑุณู ูุชุทุจูู ูุงู ุงุณ ุณู ููุตู ุฑูุฒ ุงูุชุญูู ูุงูู ูุงุนูุฏู ุดุจูู ุงุณุงุณุงู ุงุจู ุงุนุฑู ุงููุดููู ุชุญุจูุง ุจุณุฑุนู ุงุฏุฎู ุน ูุฏุฑุณุชู๐ญ,
2020-08-26 17:28:19,ูุจุงูู ุชูุฐุจูู ูุงู ุงุณ ุณู ูุงุนูุฏู ุดู ุงูุดู ุงูุซุงูู ุงูุฑุณุงูู ุงูุฎุงุตุฉ ูุญุฏ ูุณุชุฌูุจ,
2020-08-26 11:30:28,ุดูู ุชุทุจูู ูุงู ุงุณ ุณู,
2020-08-25 23:38:22,ุฌููู ูุฌุฑุจ ุทุฑููุฉ ุงูุงูุบุงุก ุจููุณ ูุงู ุงุณ ุณู ุงู ูุงุฒู ุงุชุตุงู,
2020-08-25 10:44:46,ุงุฐุง ุดุฑูุญุชู ุงุณ ุณู ูุงููุจู ูุฑุณู ุงูุง ุจุฑูุงูุฌ ูุงู ุงุณ ุณู ุดุงุจู ุดุจูู ุฒูู ุงูู ุดู ุดุจูู ุชูุชุญ ุงูุจุฑูุงูุฌ,
2020-08-25 10:18:55,ุจุฑูุงูุฌ ูุงู ุงุณ ุณู,
2020-08-25 09:40:17,ูุงุฎูุงู ุงุทูุจ ุฌูุงู ุจุฑูุงูุฌ ูุงู ุงุณ ุณู ููุชู ูููู ุงููููุน ุงููุทููุจ ูุนุทู ุงุณุชูุณุงุฑ ุณูุญุชู,
2020-08-24 23:42:50,ูุนูุง ุงูุง ูุงุญุตู ุณููู ูุงุญูุง ูุทุงูุจ ุงูุงุชุตุงูุงุช ุจุชุญุณูู ุงูุฎุฏูู ุญูุงุฉ ุชูุงุฏู ุุุ ุฌููุน ุฎุฏูุงุชู ุทุฑูู ูุงู ุงุณ ุณู ูุงูุญูููุฉ ุนูุณ ูุงูููููู ุุ ุงูู ุดู ุฌูุน ุงููุงู ูุฎุฏูู ุณูุฆู ุฌุฏุง ุฌุฏุง ุงูู ูุถุนูุงูุง,
2020-08-24 20:22:09,ุฎูุงู ุจุฑูุงูุฌ ูุงู ุงุณ ุณู ุฎุฏูุงุช ูุญุฏูุฏุฉ ูููุงู ูุญุฏุฏ ุชุตุจุญ ุนูุฏูู ููุงุญุธุงุช ุงูุนููุงุก ูููู,
2020-08-24 18:26:05,ุณูุงู ุนูููู ุตุงุฑูู ููููู ููุณ ุญุงูู ูุงุณูู ุชูุดูุท ููุช ุชุทุจูู ูุงู ุงุณ ุณู ูุงูุฏู,
2020-08-24 13:09:25,ุงู ูุญูููู ุงูุชุทุจููุงุช ( ุชุจุงุนุฏ/ ุชููููุง /ุชุทูู /ููุนุฏ/ุตุญุชู ) ูุงูุช ุชุทุจูู ูุงุญุฏ ูุซู ุงุจุดุฑ ูุงู ุงููุงุณ ุญููููุง ุชุทุจููุงุช ุชุดุชุช ููุชุฏุงุฎูู ูุงู ุงูุชุทุจูู ูุงุญุฏ ููุดุชุบู ุงููุช ูุฌุงูู ูุฌููุน ุงูุดุจูุงุช ูุซู ุงูุชุทุจููุงุช ุงูุฎุงุตู ุจุดุฑูุงุช ุงูุงุชุตุงูุงุช ูุงู ุงุณ ุณู ูุงู ูุฌุญุช,
2020-08-24 09:51:12,ูุณูุช ูููู ุงูุณุฑ ุญู ูุงู ุงุณ ุณู,
2020-08-23 01:00:15,ุงูุณูุงู ุนูููู ุงูุงุฌู ูุดููู ุชุณุฌูู ุงูุฏุฎูู ูุชุทุจูู ูุงู ุงุณ ุณู ุงุญุงูู ุงุณุชุนุงุฏู ุงูุฑูู ุงูุณุฑู ูุณุชุฌูุจ,
2020-08-22 21:20:43,ุชุญููู ุชุทุจูู my stc ksa โ ูุงู ุงุณ ุณู ุงูุณุนูุฏูุฉ โ ุงูุชุทุจูู ุงูุฑุณูู ูู ุฎุฏูุงุช ููุฒุงูุง ุดุฑูุฉ ุงูุงุชุตุงูุงุช ุงูุณุนูุฏูุฉ,
2020-08-22 17:08:07,๐ธ๐ฆ ูู๏ปงููู ุงูุฎุงุตูู ๐ฉ๐ ุทูุจุช ุจูุฑุฉ ุงูุตุจุงุญ ูุงูุง ุงูุฏูุงู ุดุฑูุญุฉ ุทุฑูู ุงูุชุทุจูู ูุงู ุงุณ ุณูุ ููุตู ุงูููุฏูุจ ูุงู ูููุน ุจูุชูุง ูุบุทู ููุชูุจ,
2020-08-22 14:16:44,ููุฆุฉ ุงูุงุชุตุงูุงุช ุงูุงุฌุฑุงุกุงุช ูุงูุดูุงูู ูุฑุณููุง ูุฑุฏ ุนูููุง ุจุฑุฏ ุขูู ุฑุฏ ูููู ูุนูุฏูุง ุชุฏุฎู ูููููุน ูุงู ุงุณ ุณู ูุงุชุฌุฏ ููุงูุฐ ุชูุงุตู ูุณุคูู ุตูุญุงุช ุฌุฑุฏุงุก ุงูู ููุถููููู ูุงูู ุงูุงูุชูุงู ุจุงูููุทููู ุงูููุง ุญูุงุชูู ุจุงูุตุฑู ุนูููู ูุนูู ุดุฑูุชูู ุจุฏูู ูุงุฆุฏู ุชุฐูุฑ,
2020-08-22 13:29:11,ุงูุณูุงู ุนูููู ูุตูุชูู ุงูุฑุณุงูุฉ ุงูุชูุซูู ุทุฑูู ุงููุฑูุน ูุงูุฏุฑ ุงูุซููุง ุฎูุงู ูุงู ุงุณ ุณู,
2020-08-22 09:35:05,ููุงุชูุฑ ูุณุฏุฏู ุงูู ุจ ุงูู ุงููุช ููุทูุน ููููู ุงูุงู ุญุณุงุจ ููู ุงุฑุณู ูุงู ุงุณ ุณู ููุงููู ุงุณุชุฌุงุจุฉ ูุงุชุตู ูููู ุงูููุธู ุงูุฎุท ุนุทููุง ุญู,
2020-08-22 08:48:11,ุนูุฏู ุทุฑููุชูู : ุงูุฃููู ุชุฑูุญ ููุฑุน ุงุณ ุณู ูุชุทูุจ ุชุญููู ูุชุฃุฎุฐ ุงูุดุฑูุญุฉ ูุงูุช ูุงูู ุงูุทุฑููุฉ ุงูุซุงููุฉ ุชุญูู ุชุทุจูู ูุงู ุงุณ ุณู ูููู ุฃููููุฉ ( ุงููู ุฎุทู ู ุงุณ ุณู ) ุงููู ุงูุฎุทูุงุช ุ ูุงุทูุจ ุฎุฏูุฉ ุชูุตูู ุ ููุฌูู ุงูููุฏูุจ ููุจูุช ุฎูุงู ููู ุจุงููุซูุฑ,
2020-08-22 00:50:12,ุชุทุจูู ูุงู ุงุณ ุณู,
2020-08-21 21:07:32,ูุฑุญุจุง ุ ุงูุง ุงุดุชุฑูุช ูุชููููุณ ุทุฑูู ุชุทุจูู ูุงู ุงุณ ุณู ุ ุจุฏูู ุฏูุน ุฑุณูู ุ ุงูุณุคุงู ุงูู ุดูุฑ ูุฌุงูู ูุจุนุฏ ุชุงุฎุฐูู ุฑุณูู,
2020-08-21 12:38:47,ุงูุณูุงู ุนูููู ุ ุชู ุทูุจ ูุงู ูุงู ุงูุณ ููู ูุชู ุงูุชูุงุตู ูุนุงู ูุชุทุจูู ูุงู ุงุณ ุณู ูุงููุฌุฏ ุงูุทูุจ ุถูู ุงูุทูุจุงุช,
2020-08-21 06:16:03,ุชุญุชุงุฌ ุจูุงูุงุชู ุฎุงุต ูุงูุง ุงุฎุฑ ูุฑู ุฑูุนุช ุดููู ูุงู ุงูุฑุฏ ุญููู ุชุทุจูู ูุงู ุงุณ ุณู ูุงุฑูุนู ุจูุงุบ ุงูุง ุงุจุบู ุญู ุฌุฐุฑู ููุดููู ุงูุดุจูู ุงููุชูุทุนู ูู ุงุณุจูุนูู ุดูุงูู ูุงูุญุฌู ูุงู ุงูููุจู ุจุนูุฐ ุนูุฏุงูุจูุช ุงููุช ููุตูู ุถุนูู ุตุฑุงุญู ููุงู ูููุน โ๐ป ุฑุงุฌุน ุงูุฎุงุต ุจูุงูุงุชู ุดููุฑ ุชุชูุฑุฑ ูุนูู,
2020-08-20 21:41:02,ุงูุง ุนูุฏู ุชุทุจูู ูุงู ุงุณ ุณู ุดุฑูุญุฉ ูุช ููุชูุญ ุดูุฑ ุชุทุจูู ุดุฑูุฉ ุงุณ ุณู ุชูุฑูุจุง ูุนูู ุนุฑูุถูู ููุชุงุฒุฉ ุฌุฏุง ูุณุนุฑูู ูุงุจูุงุด,
2020-08-20 15:00:04,ูุงู ุงุณ ุณู,
2020-08-20 10:52:27,ุฑูู ุฌูุงูู ูุงู ุงุณ ุณู ุฏุฎู ุทูุงู ุชุญููู ูุชุญุท ุงูุฑูู,
2020-08-19 11:07:23,ุชู ุญุฐู ุชุทุจูู ูุงู ุงุณ ุณู ููุงุณู ูุณุชูุฑุฉ ูุนุงูู ุณูุชูู ุจุงูุฉ ุณูุง ุจูุณุช ุจ ุฑูุงู ูุงูุญูู ุงูุถุฑูุจุฉ ูุงูููุงุจู ุฒูุช ุงุชุตุงู ููุชูุญ ุฏุงุฎู ุงูุดุจูุฉ ุฌูุฌุง ุงูุชุฑูุช ูุชูุงุตู ุงุฌุชูุงุนู ููุชูุญ ูุงูุญูู ุงุฎุฐุช ุดุฑูุญุฉ ูุงููุชโฆ ุชูููุฉ,
2020-08-19 09:52:31,ุงูุง ููุงูู ุตุญูุญ ุงุนุฑู ุดุฎุต ุฏุฎู ุงุจูู ุงูููู ููุตุฉ ุงููููู ูุณูู ุทูุจ ูุฐุจ ููุฏุฑ ุงู ุดุฎุต ูุณูู ุทูุจ ุดุฑุท ูููู ุดุฑูุญุชู ูููุชุฑ ูุงููุง ุทุฑูู ูุงู ุงุณ ุณู ุงูุง ุชููู ูุณูู ุทูุจ ูููุงูุฏ ูููุชุธุฑ ุงูุฑุฏ ูุฒุงุฑุฉ ุงูุฏุงุฎููู,
2020-08-19 07:40:38,ุงููุชุฑุฉ ุงูู ุงูู ุงูุธูุฑ ุงุณูุงุก ุงุชุตู ููุฑ ุนูู ููู ููุณ ุงููุถุน ูููุชุฑ ูุชุทุจูู ูุงู ุงุณ ุณู ูุงูู ููุธู ููููู ููุงูู ุฎูุงุฑุงุช ูุชููุฑู ุจูุซุฑู ุงูุด ุงูุญู ูุงุฒู ูุฑูุน ุชุงู ุนุดุงู ุชุญูู ุงููุดุงูู,
2020-08-18 21:14:49,ุทูุจ ุงูุง ููุณ ุงููุดููู ุงูุฏุฑ ุงูุชุญ ุชุทุจูู ูุงู ุงุณ ุณู ุงุทูุจ ุจุฏู ูุงูุฏ,
2020-08-18 20:18:26,ูุฒู ุชุทุจูู ูุงู ุงุณ ุณู ููู ุงูุจุฑููุงุช ุงููู ูุจุบู ุชุฑุณููุง ุงูุชุทุจูู,
2020-08-18 02:11:07,ููุช ูุงููู ุฏุฎูุช ูุงู ุงุณ ุณู ูุญุทูุช ุงููู ุงุจู ุ ุฌุงูู ุฎูุงุฑ ุงุนูุงู ุงูุชููุฑ ุจุนุฏูุง ููู ุฌุงูู ุงุดุนุงุฑ ูุนูู ุทูู ุทูุจุชู ูุฌุงูู ุฏูููุชูุง,
2020-08-17 15:34:42,ุงูุฌูุงุจ ุญุงุจู ุงุดูุฑ ุฎุฏูู ุงูุนููุงุก ุจุชุทุจูู ูุงู ุงุณ ุณู ูููุงู ุจุชููุชุฑ ุฑุฏูู ุฏุงูู ุนูู ูุณุฑุนุฉ ุงูุฑุฏ ุงููู ูุณุนุฏูู ูุดูุฑุง,
2020-08-17 12:27:08,ุจุฑููู ูููุฒูุฑ ุทุฑูู ูุงู ุงุณ ุณู ุงู ุงุชุตู ูุณูู ุจูุงุบ,
2020-08-16 21:07:50,ูุงูุญุชุงุฌ ุงุทูุจููุง ุชุทุจูู ูุงู ุงุณ ุณู ูุงุฐุง ุฌุงุก ุงูููุธู ุชุฏุฎููู ุจูุงุจุฉ ุงูููุงุฐ ุงูููุญุฏ ( ูุนูููุงุช ุงุจุดุฑ ุญู ุงุฎูู ) ูุจุชูููู ููุฏ ุณุช ุงุฑูุงู ุชุนุทููู ููููุธู ูุฎูุงุต,
2020-08-16 03:26:05,ุทูุจุชู ุงูุณ ุทุฑูู ูุงู ุงุณ ุณู ูููู ูุชููุฑ,
2020-08-15 12:00:54,ุดู ุชุทุจูู ูุงู ุงุณ ุณู ุชููู ุดูุก ุชุจุงู,
2020-08-13 16:57:45,ุงูุณูุงู ุนูููู ุดุฑูุญุชู ุชุงููู ูุงุญุชุงุฌ ุงุฏุฎู ูุงู ุงุณ ุณู ูุงุนุฑู ุงูุจุงุณุจูุฑ ููุทููู ุฑูุฒ ุงูุชุญููู ูุดุฑูุญุชู ุชุงููู ุญุงููุช ู ุงูุจุฑูุฏ ุงููุฑุจูุท ุจุญุณุงุจู ุฑูุถ ูุด ุงูุญู ุงุฎู ุงููุฑูู,
2020-08-11 09:20:45,ูููู ุงูุณุญุจ ุฌูุงุฆุฒ ุฏุฎูู ูุงู ุงุณ ุณู,
2020-08-10 18:11:51,ุงูุง ุงุชููู ุชุทุจูู ูุงู ุงุณ ุณู ุงูุฏุฑ ุงุณุชุฎุฏูู ุฑููู ุฌูู,
2020-08-10 18:04:33,ุฌูุงูู ูุงุชูุฑุฉ ุงูุงุชุตุงูุงุช ุญููุชูุง ุงูู ุฌูู ุงูุฏุฑ ุงุณุชุฎุฏู ุชุทุจูู ูุงู ุงุณ ุณู ููู ููุฌุฏ ุดุฑุงูุญ ูููุชุฑู ุฌูู,
2020-08-10 14:12:50,ุงูุดุฑูุญู ููููู ุงุฎู ูุงูุฏุฑ ุงุณูู ุนูููุง ูุงู ุงุณ ุณู,
2020-08-09 16:38:04,ุงุฐุง ุงูุฑูู ุจุฃุณูู ุชุทุจูู ูุงู ุงุณ ุณู ุชูุฏุฑ ุชุดุญู ูุชูุนู ูุชุณูู ุดู,
2020-08-09 09:39:05,ุญุงููุช ูุงู ุงุณ ุณู,
2020-08-09 08:54:40,ููุฃุณู ููููู ุงุญุงูู ุชุบููุฑ ุจุงูู ูููุชุฑุนู ุทุฑูู ูุงู ุงุณุชู ุณู ูุงูุณุชุฌูุจ ูุงูุฏุนู ูุญูููู ุงูููุชุจ ูุนูู ูููู ุงุณุชุฎุฏู ูุงู ุงุณ ุณู ุงูุชุญูู ุงูุฑููู ูุงูุฌุงุฆุญู ูุทูุจูู ููู ุฒูุงุฑุฉ ุงูููุชุจ,
2020-08-08 16:56:32,ุงุฐุง ุณูุง ุฎูู ูุงู ุงุณ ุณู ุงูุถู ุดู,
2020-08-08 16:53:32,ุงุฏุฎู ุชุทุจูู ูุงู ุงุณ ุณู ุชููุงุก ุดุฑูุงุก ูุทุงู ุชูุฏุฑ ุชุดุชุฑู ุจููุงุทู ูููู,
2020-08-07 17:57:16,ุณูุญุช ุงูุง ุงูุณ ุทูุจุง ุดุฑูุญู ุชุทุจูู ูุงู ุงุณ ุณู ู ูุงูู ุงูุชุธุฑู ุณุงุนู ู ุงูู ุงูุงู ุฌุงูู ุดู ู ุงุชุตูุช ุฃุนุทููู ุฑูู ุฃุชูุงุตู ุงููุชุฎุตุตูู ุจุชูุตูู ู ุชุชุจุน ูุญุฏ ูุฑุฏ ูููู ุงุนุฑู ูุด ุงูุญู,
2020-08-07 11:59:48,๐ด ุงูุฎุงุต ๐ฉ ุณูุญุชู ุงุณุงูููู ุงูุง ุนูุฏู ูุธุงู ุซูุงุซ ุดุฑุงูุญ ูุงุจู ุงุทูุน ุฌูุงู `` ุงุณ ุณู '' ุงุทูุจ `` ูุงู ุงุณ ุณู '' ุงู ุงุฑูุญ ููุฑุนูู ูุงูู ูุงุนุฑูุช ุงุทูุจ ูุงู ุงุณ ุณู,
2020-08-07 10:59:48,ุทูุจุช ุฑูู ุฌุฏูุฏ ูุงู ุฃุณ ุณู ูุชู ุงูููุงููู ุทูุจู ููู ุฑูุฒ ุชูุซูู ุฃุณููู,
2020-08-06 17:48:06,ุงูุณูุงู ุนูููู ุจุณุชูุณุฑ ุงูุฏุฑ ุงุญูู ุฑุตูุฏ ูุงู ุงุณ ุณู ุฑูู ูููุชุฑ ุงูู ุดุฑูุญุฉ ุจูุงูุงุช ูุงุฐุง ูุงุงูุฏุฑ ุงูุฏุฑ ุงุญูููุง ุงูู ุฑูู ุงุฎุฑ ููููู ูุดูุฑุงู,
2020-08-06 17:20:37,ุณูุงู ุนูููู ุณุฌูุช ุชุทุจูู ูุงู ุงุณ ุณู ูุฌุงุชูู ุฑุณุงูู ุงูุฑูู ุตุญูุญ ูููู ุงูุงูุงุฏู,
2020-08-06 09:08:07,ุฌุฑุจ ูุงู ุงุณ ุณู ูููู ุชุฌูู,
2020-08-06 02:07:52,ุงูุณูุงู ุนูููู ุจุณุชูุณุฑ ุงูุฏุฑ ุงุญูู ุฑุตูุฏ ูุงู ุงุณ ุณู ุฑูู ูููุชุฑ ุงูู ุดุฑูุญุฉ ุจูุงูุงุช ูุงุฐุง ูุงุงูุฏุฑ ุงูุฏุฑ ุงุญูููุง ุงูู ุฑูู ุงุฎุฑ ููููู ูุดูุฑุงู,
2020-08-05 20:50:19,ูุงุงุฎูุงู ุงุจู ุงุณุฌู ูุงู ุงุณ ุณู ูุงูู ุฑุงุถู ูุฌู ูุงูุง ุงูุณ ุงุญุงูู,
2020-08-05 08:17:49,ุงุฑุบุจ ุชูุนูู ูุงู ุงุณ ุณู ุนููุง ุจุงูู ุงููู ุงูุชุฑูุช ูุช ููุฒูู ุงุณุชุทูุน ุงูุฏุฎูู ูููููุน,
2020-08-05 00:19:20,ุญุงุจ ุงุณุฌู ูุงู ุงุณ ุณู ููููู ูุชููุฑ ุงูู ุนูุฏู dsl,
2020-08-04 22:43:32,ูุฒู ุงููุงุชูุฑุฉ ุงูุงุฎูุฑู ููุนูุง ูุณุท ุฌูุงุฒ ุฑุบู ุงูู ููุฌูุฏ ูุงู ุงุณ ุณู ุงู ุงููุณุท ุงูุงุฎูุฑ ุงูุดูุฑ ุงูู ูุงุช ููุด ููุฒู ุนูู ูุณุท ุงูุดูุฑ,
2020-08-04 21:36:35,ุงุฎู ูุด ุงูุฑุฏ ุงููู ุฑุฏูุชู ุนูู ุชู ุงูุชูุดูุท ุทูุจ ุงูุง ุงูุดุท ุทุฑูู ูุงู ุงุณ ุณู ุงุจุบู ุญููู ุซุงููุฉ ูู ูุฏุงู ุงูุนุงูู ุงููู ุฑุฏูุชู ุนูู ูุญููู ูุฑุถู,
2020-08-04 17:12:52,ุนูุฏู ุชุทุจูู ูุงู ุงุณ ุณู ููุตูููู ูุจุงุจ ุงูุจูุช,
2020-08-04 16:24:10,ุทูุจุช ุดุฑูุญุฉ ุทุฑูู ูุงู ุงุณ ุณู ููุงูู ุงูุชูุตูู ุฎูุงู ุณุงุนุฉ ูุงูู ุงูุญูู ููู ููู ุณุงุนุฉ ูุตูุช ุงูุดุฑูุญุฉ ุงุชุตู ุงูููุฏูุจ ูุงููู ุชุนุทูุช ูุตุงูุญู ุงูููู ูุงูู ูุฏุฑุช ุงุทูุน ุงูุจูุช ุงูุชุธุฑ ุงูููุฏูุจ,
2020-08-04 01:25:58,ุงููุดููุฉ ูุงุนูุฏู ุงูุง ูุงู ุงุณ ุณู ุนูุฏูู ููููู ๐๐ปโโ๏ธ,
2020-08-03 23:41:01,ุงูู ูุงู ุฎุท ุชููููู ุจุฏูุฑู ูููู ุญุณุงุจ ูููุด ุจุงูุถุฑูุฑุฉ ุงูู ูููู ุดุบุงู ูุงูุฎู ุงูุงุณุนุงุฑ ุงุฏุฎู ุชุทุจูู ูุงู ุงุณ ุณู ูุงุทูุจ ูุงูุฎุฏูู ูุฑุงุญ ุชุดูู ุงูุงุณุนุงุฑ ุงูุชูููู,
2020-08-03 19:58:32,ุจุฑูุงูุฌ ูุงู ุงุณ ุณู ุจุนุฏูู ุงุญุชุงุฌ ูุณุงุนุฏุฉ + ุฎุฏูุฉ ุงูุงูุชุฑูุช ุ ูุชููู ุนูุฏู ุงู ุจุทูุฆ ุฌุฏุงู ุจุนุฏูู ุชูุดูุท ู,
2020-08-03 12:06:25,ุชุทุจูู ูุงู ุงุณ ุณู ูุนูู ูุงููุชุญ ูุนู,
2020-08-03 10:44:20,ุนููุช ุงููุงุชู ุจุงูุฎุฏูุงุช ุทุฑูู ูุงู ุงุณ ุณู ููุฒูุช ูุงุชูุฑู ุงุชููู ุชุดูููู ุญู ู ุงูุถุง ุณุฏุฏุช ูุฏููููู ูุงุชุตูุช ูุงุชููู ุงูุฎุงุต ุจุฐูู ูุจุนุฏ ุฌูุฏ ุงุณุงุจูุน ุฑุฏูุง ุนูู ู ูุงู ุฎูุงุต ููุถูุนู ุฎูุงู ููู ููุชูู ูุจู ุงูุนูุฏ ุงูู ุงูุงู ููุณ ุงููุถุน,
2020-08-02 19:54:32,ุงูุณูุงู ุนูููู ุงูุง ูุณุฌู ูุจู ุซูุงุซ ุณููุงุช ู ูุณูุช ุงุณู ุงููุณุชุฎุฏู ู ุงูุจุงุณููุฑุฏ ู ููููู ุชุญูู ุงูุฑูู ุญุทูุช ุงูุงุฑูุงู ููููู ุฎุทุงุก ุจุชุทุจูู ูุงู ุงุณ ุณู ุงุฑุฌูุง ุงูุญู ููุฃูููุฉ ู ุดูุฑูุง,
2020-08-02 16:45:04,ูุงุนููู ุชูุฏุฑ ุงูุช ุชุญูู ุงู ุดุฑูุญู ุงูู ุงููุชุฑูููู ุชุทุจูู ูุงู ุงุณ ุณู,
2020-08-02 12:59:58,ุงุดุชุฑู STC ุนูุฏูู ุชุฎููุถุงุช ุนูุฏูู ุชุทุจูู ูุงู ุงุณ ุณู,
2020-08-02 10:47:33,ุงูุณูุงู ุนูููู ุงูุง ุนูุฏู ุดููู ุงุณ ุณู ุงูุง ุทูุจุช ุดุฑูุญุฉ ุจูุงูุงุช ุฑูุชุฑ ุงูุฌูู ุงูุฎุงูุณ ุฎูุงู ุงูุชุทุจูู ูุงู ุงุณ ุณู ู ุชูุตุงู ูุนุงูุง ุงูููุฏูุจ ู ุทูุนุช ุงูุฑูุชุฑ ุจุฃุณู ุฒูุฌุชู ุงุชูุงุฌุงุก ุงู ุงูุง ุทูุนูู ุฎุทูู ุจุฃุณู ุฒูุฌุชู ู ุงูุง ุทุงูุจ ูุงุญุฏ ู ูุฏูุช ุดููู ุงูุชุฑ ุซูุงุซ ูุฑุงุช ู ุงูุงุฎุฑ ูุญุฏุด ุฑุฏ ุนูู,
2020-08-01 18:37:11,ุณูุญุชูุง ุงูุฏุฑ ุงูุบู ุดุฑูุญุฉ ูุช ููุงุฆู ุชุทุจูู ูุงู ุงุณ ุณู ุจุฏูู ุฒูุงุฑุฉ ุงููุฑุน,
2020-07-31 01:05:45,ุบุฑูุจู ุชุทุจูู ูุงู ุงุณ ุณู ูุงููู ุทูุจ ุณูุง ูุงูุจุฑุฏ ุงุฌู ุตุงุฑุช ุญุธู,
2020-07-30 16:09:51,ุนูุฏู ุฑูู ุณูุง ุงูุณุฑู ุงูุฌูุงุฒ ุงูุบู ุงูุฑูู ุทุฑูู ูุงู ุงุณ ุณู,
2020-07-29 17:00:50,ุงุจุบุง ุดุฑูุญู ุงููุชุฑูููู ูุฑูู ูุนู ุงุทูุจูุง ุทุฑูู ูุงู ุงุณ ุณู ููุฏุฑ ุชุฑุง ูุดููู ูุด ุงูุทุฑููู ุงูุซุงููู,
2020-07-29 16:04:26,ูุฑุญุจุง ุงุณุชุทูุน ุงูุฏุฎูู ูุฑู ุงุฎุฑู ู ูุงู ุงุณ ุณู ูุฑุฌุน ุงูุงุทูุงุน ุงูุตูุฑู,
2020-07-29 15:49:47,ุชุทุจูู ูุงู ุงุณ ุณู ููุฏุฑ ูุดูู ุงูููุงููุงุช ููุฏุชูุง ูุงูุฑุณุงุฆู,
2020-07-29 12:34:46,ุงูุฏุฑ ุงูุบู ุฎุฏูุฉ ูุชูููุณ ูุงู ุงุณ ุณู,
2020-07-29 02:13:32,ฺฉุงูู ุจุญุซ ุจ ุช ุงุณ ุจุงุดู ุงููุฌุงุณุช ฺฉ ูุฏุฑุช ุขุฑู ุฑู ูุจูู๐ ุฏุฏู ฺฏูุชู ุจุฑูุฏู ุงู๐ ุขุฑู ุชุจุฑฺฉ ูุฑุงูุงู ู ุฎุณุชู ูุจุงุดุฏ ููฺฏ ู ูููููู ูุง ููู๐ ุงูู ุจฺฏู ฺฉ ุงู ุฑุง ฺฏุฑ ุจู ุขุฑู ู ฺฉูพุงูพ ููู ุจูุฏู ุฏุฑุงุฎุฑ ฺฉ ุจุฑุฏ ุงูุฑ ุจุงุฏ ุณ ุขุฑูโ ุจู ุณูุฎุชฺฏ ูุงุฏ๐,
2020-07-28 12:42:07,ุชููุฏู ูุซูุฑ ุฎุตููุงุช ุจูุทุงุนู ูุชุณูู ุญูู ูุงู ุงุณ ุณู ูุดู ุงููุญูุงุช ุชููู ุชุญุชุงุฌ ุดู ูููู,
2020-07-28 05:44:00,ุงูุณูุงู ุนูููู ุงุฑุฌู ุงูุงุฏุชู ุจุทุฑููุฉ ุงูุญุตูู ุชูุงุตูู ุงููุงุชูุฑุฉ ููุฎุท ุงูุซุงุจุช ุจุฏูู ุงุณุชุฎุฏุงู ุชุทุจูู ูุงู ุงุณ ุณู ุงู ุงูุชุทุจูู ูุชุทูุจ ุงุณุชุฎุฏุงู ุฑูู ุฌูุงู ุงุณ ุณู ูููุณ ุนูุฏู ุฑูู ุฌูุงู ุงุณ ุณู ุงููุง ููุจุงููู ูุดูุฑุงู,
2020-07-27 16:19:33,ูุงู ุงุณ ุณู,
2020-07-27 06:39:41,ุงู ุฑููู ูููู ูุคูุช ูุงู ุงุณ ุณู,
2020-07-26 21:32:46,ุงุทูุน ุจุฏู ูุงูุฏ ุฎูุงู ุชุทุจูู ูุงู ุงุณ ุณู ุถุฑูุฑุฑุฑู,
2020-07-26 12:36:02,ุงุดูููู ูููู ุชุชุฎุงูููู ูุงุฎู ุฎูู ุจ ูุงู ุงุณ ุณู ูุฎูุงุต ุงููุฑู ุชูุญู ููุฏ ุตุงุฑู ูุดููู ุจ ุงููุญุงุณูู ุงูุญูุฏ ุงููู ูุชุฑู ุชูุญู,
2020-07-26 09:57:59,ุงุฌูุฒุชูู ุฎุฑุจุงูู ููุงุนูุฏูู ุงู ุชุฌุงูุจ ูุชุทุจูู ูุงู ุงุณ ุณู ููุฌุฏ ูุณู ูุดุฑุญ ูุดุงูู ุงูุงุฌูุฒู,
2020-07-26 08:55:44,ุณูุงู ุนูููู ุนูุฏู ูุดููุฉ ุงูุดุงุก ุญุณุงุจ ูุงู ุงุณ ุณู,
2020-07-26 02:18:44,ุฏุญูู ุจ ุงุณุฌู ุจ ูููุชู ุจ ูุงู ุงุณ ุณู ูู ุฑุงุถู ูููู ุงููุฏุฎู ุตุญูุญ ูุงูุง ุดุฑูุญู ูููู ูุช ุงุจุบุง ุงูุนููุง ูู ุฑูู ุงูุดุฑูุญ ุ ุงูุด ุงูุญู,
2020-07-26 01:05:54,ุงูุณูุงู ุนูููู ุงูุง ุนูุฏู ุชุทุจูู ูุงู ุงุณ ุณู ููุงู ุนูุฏู ุฑูู ูุณุฌู ุงูุงู ุจุบูุฑู ุจุฑูู ุงุฎุฑ ุนููุง ุจุงู ุงูุฑูู ุงูู ูุณุฌู ุงูุชุทุจูู ููููุฏ ูุชููู ุญู ุงููุดููู,
2020-07-25 23:59:00,ุญููุช ุดุฑูุญุชู ูุณุจู ุงูุฏูุน ุงูู ูููุชุฑ ุทุฑูู ูุงู ุงุณ ุณู ุซูุงุซ ุงูุงู ุชุบูุฑ ุดู ุฌุงุชูู ุฑุณุงูู ุชูุนูู ุดู,
2020-07-25 09:22:26,ุนุงุฏู ุงุฏุฎู ุชุทุจูู ูุงู ุงุณ ุณู ูุชุทูุน ุงูุงุฑูุงู ุงููู ุชุญุช ูููุชู,
2020-07-25 07:48:08,ุชุฑู ูู ุญู ุชุฎุตููู ุน ููููู ุงุฏุฎู ูุงู ุงุณ ุณู ูุงุดูู ุงูุฎุตู ูุงูุชู ุฎุงุตููู ููุฎุฑุจูู ุนูู ููู ููุฎุตู ุฑุตูุฏ ุจุฏูู ูุฌู ุญู,
2020-07-24 21:12:28,ุงูููู ุงุดุชุฑูุช ุจุงูุงููุงู ูุงุนูุฏู ูุงุชู ุซุงุจุชุ ุนูุฏู ุฑูู ูุงุชู ุจุฏูู ุงููุงุชู ููุณู ุงุดุชุฑูุช ููุงุนูุฏู ุฑูู ุงุณ ุณู ุฃูุนู ูุงู ุงุณ ุณู,
2020-07-24 18:30:57,ุนูุฏู ุฑูู ุฒูู ุทูุจุช ูููู ูู ุงุณ ุณู ุทุฑูู ุชุทุจูู ูุงู ุงุณ ุณู ูุตูุชูู ุงูุดุฑูุญุฉ ู ุชู ุชูุซูู ุงูุฑูู ูุญุงููุฉ ุงุณุชุฎุฏุงู ุงูุดุฑูุญุฉ ุงูุฌุฏูุฏุฉ ุชูุฌุฏ ุฎุฏูุฉ ุนููุง ุจุฃู ุดุฑูุญุฉ ุฒูู ุชุฒุงู ุชุนูู ๐ง,
2020-07-24 17:12:59,ููุฌู ุชุทุจูู ( ูุงู ุงุณ ุณู ),
